,,,,,,,,,,Dynasty Market Report,,,,,,,,,,,,,
,Preseason
,Updated on:,09/05/2026 15:05:01


,,,,,Wide Receiver,,,,,Running Back,,,,,Tight End,,,,,Quarterback,,,
,Trade Value,Rookie Draft Picks,,,Player,,,,,Player,,,,,Player,,,,,Player,,,
,,2026,2027,,POS RK,Team,Age,Trend,,POS RK,Team,Age,Trend,,POS RK,Team,Age,Trend,,POS RK,Team,Age,Trend
,,,,,Ja'Marr Chase,,,,,Bijan Robinson,,,,,Brock Bowers,,,,,Lamar Jackson,,,
,100.0,,,,WR1,CIN,26,+1.6,,RB1,ATL,24,,,TE1,LV,23,,,QB1,BAL,29,
,,,,,Justin Jefferson,,,,,Jahmyr Gibbs,,,,,Trey McBride,,,,,Josh Allen,,,
,95.9,,,,WR2,MIN,27,+0.0,,RB2,DET,24,,,TE2,ARI,26,+0.7,,QB2,BUF,30,
,,,,,CeeDee Lamb,,,,,Saquon Barkley,,,,,George Kittle,,,,,Jayden Daniels,,,
,91.8,,,,WR3,DAL,27,,,RB3,PHI,29,,,TE3,SF,32,,,QB3,WAS,25,
,,,,,Amon-Ra St. Brown,,,,,Christian McCaffrey,,,,,Sam LaPorta,,,,,Jalen Hurts,,,
,87.3,,,,WR4,DET,26,+1.9,,RB4,SF,30,,,TE4,DET,25,,,QB4,PHI,28,
,,,,,Puka Nacua,,,,,Ashton Jeanty,,,,,Mark Andrews,,,,,Joe Burrow,,,
,85.3,,,,WR5,LAR,25,,,RB5,LV,22,+2.3,,TE5,BAL,31,,,QB5,CIN,29,
,,,,,Malik Nabers,,,,,Derrick Henry,,,,,David Njoku,,,,,Patrick Mahomes,,,
,83.5,,,,WR6,NYG,23,+2.6,,RB6,BAL,32,,,TE6,CLE,30,,,QB6,KC,31,
,,,,,Nico Collins,,,,,De'Von Achane,,,,,T.J. Hockenson,,,,,Baker Mayfield,,,
,78.3,,,,WR7,HOU,27,,,RB7,MIA,24,,,TE7,MIN,29,,,QB7,TB,31,
,,,,,Brian Thomas Jr.,,,,,Bucky Irving,,,,,Travis Kelce,,,,,Brock Purdy,,,
,77.1,,,,WR8,JAX,23,,,RB8,TB,24,,,TE8,KC,37,,,QB8,SF,26,+0.4
,,,,,Drake London,,,,,Josh Jacobs,,,,,Colston Loveland,,,,,Bo Nix,,,
,66.6,,,,WR9,ATL,25,+2.9,,RB9,GB,28,,,TE9,CHI,22,,,QB9,DEN,26,
,,,,,A.J. Brown,,,,,Jonathan Taylor,,,,,Tyler Warren,,,,,Jared Goff,,,
,64.8,,,,WR10,PHI,29,,,RB10,IND,27,,,TE10,IND,24,,,QB10,DET,32,
,,,,,Ladd McConkey,,,,,Kyren Williams,,,,,Evan Engram,,,,,Justin Herbert,,,
,63.3,,,,WR11,LAC,24,,,RB11,LAR,26,,,TE11,DEN,32,,,QB11,LAC,28,
,,,,,Tee Higgins,,,,,Chase Brown,,,,,Jake Ferguson,,,,,Kyler Murray,,,
,55.5,,,,WR12,CIN,27,,,RB12,CIN,26,,,TE12,DAL,27,,,QB12,ARI,29,+2.6
,,,,,Garrett Wilson,,,,,Omarion Hampton,,,,,Tucker Kraft,,,,,Dak Prescott,,,
,47.6,,,,WR13,NYJ,26,,,RB13,LAC,23,,,TE13,GB,25,,,QB13,DAL,33,
,,,,,Jaxon Smith-Njigba,,,,,Breece Hall,,,,,Jonnu Smith,,,,,Drake Maye,,,
,46.4,,,,WR14,SEA,24,+2.5,,RB14,NYJ,25,,,TE14,PIT,31,+0.2,,QB14,NE,24,
,,,,,Tyreek Hill,,,,,James Cook,,,,,Kyle Pitts,,,,,Caleb Williams,,,
,44.3,,,,WR15,MIA,32,,,RB15,BUF,26,+2.4,,TE15,ATL,25,,,QB15,CHI,24,+0.9
,,,,,Davante Adams,,,,,Kenneth Walker III,,,,,Dallas Goedert,,,,,C.J. Stroud,,,
,41.3,,,,WR16,LAR,33,,,RB16,SEA,25,,,TE16,PHI,31,+1.8,,QB16,HOU,24,+2.2
,,,,,Mike Evans,,,,,Chuba Hubbard,,,,,Dalton Kincaid,,,,,Tua Tagovailoa,,,
,39.8,,,,WR17,TB,33,,,RB17,CAR,27,,,TE17,BUF,26,,,QB17,MIA,28,
,,,,,Marvin Harrison Jr.,,,,,Alvin Kamara,,,,,Pat Freiermuth,,,,,J.J. McCarthy,,,
,39.0,,,,WR18,ARI,24,,,RB18,NO,31,,,TE18,PIT,27,+1.8,,QB18,MIN,23,+0.6
,,,,,Terry McLaurin,,,,,TreVeyon Henderson,,,,,Mason Taylor,,,,,Jordan Love,,,
,38.5,,,,WR19,WAS,31,,,RB19,NE,23,,,TE19,NYJ,22,+0.1,,QB19,GB,27,
,,,,,Rashee Rice,,,,,RJ Harvey,,,,,Zach Ertz,,,,,Trevor Lawrence,,,
,34.5,,,,WR20,KC,26,,,RB20,DEN,25,,,TE20,WAS,35,,,QB20,JAX,26,
,,,,,DK Metcalf,,,,,Tony Pollard,,,,,Hunter Henry,,,,,Cam Ward,,,
,30.1,,,,WR21,PIT,28,,,RB21,TEN,29,,,TE21,NE,31,,,QB21,TEN,24,
,,,,,Tetairoa McMillan,,,,,Isiah Pacheco,,,,,,,,,,Justin Fields,,,
,29.9,,,,WR22,CAR,23,,,RB22,KC,27,,,,,,,,QB22,NYJ,27,
,,,,,DJ Moore,,,,,D'Andre Swift,,,,,,,,,,Geno Smith,,,
,28.0,,,,WR23,CHI,29,,,RB23,CHI,27,,,,,,,,QB23,LV,35,
,,,,,Courtland Sutton,,,,,Quinshon Judkins,,,,,,,,,,Bryce Young,,,
,27.4,,,,WR24,DEN,30,+0.9,,RB24,CLE,22,,,,,,,,QB24,CAR,25,
,,,,,Xavier Worthy,,,,,Aaron Jones,,,,,,,,,,Michael Penix Jr.,,,
,26.9,,,,WR25,KC,23,,,RB25,MIN,31,+1.2,,,,,,,QB25,ATL,26,
,,,,,Jaylen Waddle,,,,,Kaleb Johnson,,,,,,,,,,Matthew Stafford,,,
,25.2,,,,WR26,MIA,27,+1.8,,RB26,PIT,22,,,,,,,,QB26,LAR,38,+1.9
,,,,,Zay Flowers,,,,,Tyrone Tracy Jr.,,,,,,,,,,Sam Darnold,,,
,24.2,,,,WR27,BAL,26,,,RB27,NYG,26,,,,,,,,QB27,SEA,29,
,,,,,Jameson Williams,,,,,Cam Skattebo,,,,,,,,,,Aaron Rodgers,,,
,22.9,,,,WR28,DET,25,,,RB28,NYG,24,,,,,,,,QB28,PIT,42,+0.2
,,,,,Travis Hunter,,,,,Javonte Williams,,,,,,,,,,Russell Wilson,,,
,21.8,,,,WR29,JAX,23,,,RB29,DAL,26,,,,,,,,QB29,NYG,37,+1.4
,,,,,Jordan Addison,,,,,Travis Etienne Jr.,,,,,,,,,,,,,
,20.5,,,,WR30,MIN,24,,,RB30,JAX,27,,,,,,,,,,,
,,,,,Calvin Ridley,,,,,J.K. Dobbins,,,,,,,,,,,,,
,19.7,,,,WR31,TEN,31,,,RB31,DEN,27,,,,,,,,,,,
,,,,,Chris Olave,,,,,Jaylen Warren,,,,,,,,,,,,,
,18.6,,,,WR32,NO,26,,,RB32,PIT,27,,,,,,,,,,,
,,,,,Emeka Egbuka,,,,,Rhamondre Stevenson,,,,,,,,,,,,,
,16.4,,,,WR33,TB,23,,,RB33,NE,28,,,,,,,,,,,
,,,,,Jerry Jeudy,,,,,Brian Robinson Jr.,,,,,,,,,,,,,
,15.3,,,,WR34,CLE,27,,,RB34,WAS,27,+1.7,,,,,,,,,,
,,,,,Rome Odunze,,,,,Najee Harris,,,,,,,,,,,,,
,11.6,,,,WR35,CHI,24,,,RB35,LAC,28,,,,,,,,,,,
,,,,,George Pickens,,,,,Zach Charbonnet,,,,,,,,,,,,,
,11.2,,,,WR36,DAL,25,+2.4,,RB36,SEA,25,+0.6,,,,,,,,,,
,,,,,Deebo Samuel,,,,,Tank Bigsby,,,,,,,,,,,,,
,10.9,,,,WR37,WAS,30,,,RB37,JAX,24,,,,,,,,,,,
,,,,,Jakobi Meyers,,,,,Rachaad White,,,,,,,,,,,,,
,10.8,,,,WR38,LV,29,+1.0,,RB38,TB,27,,,,,,,,,,,
,,,,,Jauan Jennings,,,,,Braelon Allen,,,,,,,,,,,,,
,10.3,,,,WR39,SF,29,,,RB39,NYJ,22,,,,,,,,,,,
,,,,,Stefon Diggs,,,,,Jordan Mason,,,,,,,,,,,,,
,6.6,,,,WR40,NE,32,,,RB40,MIN,27,+1.0,,,,,,,,,,
,,,,,Khalil Shakir,,,,,Isaac Guerendo,,,,,,,,,,,,,
,6.6,,,,WR41,BUF,26,,,RB41,SF,25,,,,,,,,,,,
,,,,,Cooper Kupp,,,,,Ray Davis,,,,,,,,,,,,,
,6.5,,,,WR42,SEA,33,,,RB42,BUF,26,+0.4,,,,,,,,,,
,,,,,Chris Godwin,,,,,Tyjae Spears,,,,,,,,,,,,,
,6.2,,,,WR43,TB,30,,,RB43,TEN,25,+2.4,,,,,,,,,,
,,,,,Matthew Golden,,,,,Trey Benson,,,,,,,,,,,,,
,6.1,,,,WR44,GB,23,,,RB44,ARI,24,+0.8,,,,,,,,,,
,,,,,Keon Coleman,,,,,Dylan Sampson,,,,,,,,,,,,,
,5.9,,,,WR45,BUF,23,,,RB45,CLE,21,,,,,,,,,,,
,,,,,Josh Downs,,,,,Bhayshul Tuten,,,,,,,,,,,,,
,5.8,,,,WR46,IND,25,,,RB46,JAX,23,,,,,,,,,,,
,,,,,Jayden Reed,,,,,Jaydon Blue,,,,,,,,,,,,,
,5.7,,,,WR47,GB,26,+0.9,,RB47,DAL,22,,,,,,,,,,,
,,,,,Ricky Pearsall,,,,,,,,,,,,,,,,,,
,5.6,,,,WR48,SF,25,+1.0,,,,,,,,,,,,,,,
,,,,,Michael Pittman Jr.,,,,,,,,,,,,,,,,,,
,5.4,,,,WR49,IND,28,,,,,,,,,,,,,,,,
,,,,,Darnell Mooney,,,,,,,,,,,,,,,,,,
,4.6,,,,WR50,ATL,28,,,,,,,,,,,,,,,,
,,,,,Rashid Shaheed,,,,,,,,,,,,,,,,,,
,4.3,,,,WR51,NO,28,,,,,,,,,,,,,,,,
,,,,,Jayden Higgins,,,,,,,,,,,,,,,,,,
,4.2,,,,WR52,HOU,23,,,,,,,,,,,,,,,,
,,,,,Tre Harris,,,,,,,,,,,,,,,,,,
,3.8,,,,WR53,LAC,24,+0.0,,,,,,,,,,,,,,,
,,,,,Luther Burden III,,,,,,,,,,,,,,,,,,
,3.7,,,,WR54,CHI,22,,,,,,,,,,,,,,,,
,,,,,Brandon Aiyuk,,,,,,,,,,,,,,,,,,
,3.0,,,,WR55,SF,28,,,,,,,,,,,,,,,,
,,,,,Marvin Mims Jr.,,,,,,,,,,,,,,,,,,
,2.9,,,,WR56,DEN,24,,,,,,,,,,,,,,,,
,,,,,Amari Cooper,,,,,,,,,,,,,,,,,,
,2.9,,,,WR57,LV,32,,,,,,,,,,,,,,,,
,,,,,Adam Thielen,,,,,,,,,,,,,,,,,,
,2.9,,,,WR58,CAR,36,,,,,,,,,,,,,,,,
,,,,,Kayshon Boutte,,,,,,,,,,,,,,,,,,
,2.7,,,,WR59,NE,24,,,,,,,,,,,,,,,,
,,,,,Wan'Dale Robinson,,,,,,,,,,,,,,,,,,
,2.7,,,,WR60,NYG,25,+2.2,,,,,,,,,,,,,,,
